SG_UF_PROVA;CO_MUNICIPIO_PROVA;NO_MUNICIPIO_PROVA;CO_COORDENACAO;CO_LOCAL;NO_LOCAL_PROVA
AC;1200401;RIO BRANCO;20001;F07111;ENAMED - INSTITUTO DE EDUCAÇÃO LOURENÇO FILHO
AL;2700300;ARAPIRACA;20002;F06757;ENAMED - EEEB COSTA RÊGO
AL;2704302;MACEIO;20003;F07003;ENAMED - E E DR RODRIGUEZ DE MELO
AL;2704302;MACEIO;20004;F06664;ENAMED - EE PROF THEOTONIO VILELA BRANDAO
AL;2704302;MACEIO;20005;F08489;ENAMED - EE DR FERNANDES LIMA
AL;2704302;MACEIO;20006;F10758;ENAMED - E E  TAVARES BASTOS
AM;1302603;MANAUS;20007;F06856;ENAMED - CETI AUREA PINHEIRO BRAGA
AM;1302603;MANAUS;20008;F06898;ENAMED - EETI BILINGUE PROF° DJALMA DA CUNHA BATISTA
AP;1600303;MACAPA;20009;F09965;ENAMED - ESC EST DR COARACY NUNES
BA;2900702;ALAGOINHAS;20010;F01116;ENAMED - COLÉGIO ESTADUAL LUIZ NAVARRO DE BRITO
BA;2903201;BARREIRAS;20011;F02357;ENAMED - CETEP - CENTRO TERRITORIAL DE EDUC. PROFISSIONAL DA BACIA DO RIO GRANDE
BA;2910727;EUNAPOLIS;20012;F01996;ENAMED - COMPLEXO INTEGRADO DE EDUCAÇÃO DE EUNÁPOLIS
BA;2910800;FEIRA DE SANTANA;20013;F03789;ENAMED - COLÉGIO ESTADUAL DE TEMPO INTEGRAL PROFESSORA ANA ALICE FIGUEIREDO DOS SANTOS
BA;2911709;GUANAMBI;20014;F00797;ENAMED - CENTRO ESTADUAL DE EDUCAÇÃO PROFISSIONAL EM SAÚDE E GESTÃO
BA;2913606;ILHEUS;20015;F01582;ENAMED - CEEP ALVARO MELO VIEIRA
BA;2914604;IRECE;20017;F02208;ENAMED - COLEGIO ESTADUAL LUIZ VIANA FILHO
BA;2914802;ITABUNA;20016;F05322;ENAMED - COMPLEXO INTEGRADO DE EDUCAÇÃO BÁSICA, PROFISSIONAL E TECNOLÓGICA DE ITABUNA - TEMPO INTEGRAL ( CIEBTEC). ANTIGO COLÉGIO ESTADUAL DE ITABUNA
BA;2917508;JACOBINA;20018;F12879;ENAMED - IFBA - INSTITUTO FEDERAL DE EDUCAÇÃO CIÊNCIA E TECNOLOGIA DA BAHIA - CAMPUS JACOBINA
BA;2918001;JEQUIE;20019;F00861;ENAMED - CIEB COMP INT DE EDUC BÁSICA PROFISSIONAL E TEC DE JEQUIÉ
BA;2918407;JUAZEIRO;20020;F00405;ENAMED - COLÉGIO ESTADUAL DE TEMPO INTEGRAL LOMANTO JÚNIOR
BA;2919207;LAURO DE FREITAS;20021;F00663;ENAMED - CEEP TEC INF E COMUNICAÇÃO -CEEPITIC
BA;2924009;PAULO AFONSO;20022;F00069;ENAMED - COLEGIO ESTADUAL CARLINA BARBOSA DE DEUS
BA;2927408;SALVADOR;20024;F04646;ENAMED - UNIVERSIDADE FEDERAL DA BAHIA UFBA - PAVILHÃO DE AULAS REITOR FELIPE SERPA (ANTIGO PAF I)
BA;2927408;SALVADOR;20025;F04646;ENAMED - UNIVERSIDADE FEDERAL DA BAHIA UFBA - PAVILHÃO DE AULAS REITOR FELIPE SERPA (ANTIGO PAF I)
BA;2927408;SALVADOR;20026;F13537;ENAMED - CENTRO ESTADUAL DE EDUCAÇÃO INOVAÇÃO E FORMAÇÃO DA BAHIA MÃE STELLA
BA;2927408;SALVADOR;20027;F02433;ENAMED - COLÉGIO ESTADUAL DAVID MENDES PEREIRA
BA;2927408;SALVADOR;20028;F02437;ENAMED - COLÉGIO ESTADUAL DE TEMPO INTEGRAL PROFESSOR PEDRO PAULO MARQUES E MARQUES
BA;2927408;SALVADOR;20029;F01119;ENAMED - COLÉGIO ESTADUAL RAPHAEL SERRAVALLE
BA;2928703;SANTO ANTONIO DE JESUS;20023;F00313;ENAMED - COLÉGIO ESTADUAL DE TEMPO INTEGRAL PROFESSOR CLÓVIS ESEQUIEL DOS SANTOS
BA;2931350;TEIXEIRA DE FREITAS;20030;F00808;ENAMED - ESCOLA MUNICIPAL GESSÉ INÁCIO NASCIMENTO
BA;2933307;VITORIA DA CONQUISTA;20031;F01561;ENAMED - COLÉGIO ESTADUAL PROFESSORA HELEUSA FIGUEIRA CÂMARA
BA;2933307;VITORIA DA CONQUISTA;20032;F05542;ENAMED - COLÉGIO ESTADUAL ADELMÁRIO PINHEIRO
CE;2301901;BARBALHA;20034;F15759;ENAMED - ESCOLA DE ENSINO MÉDIO ADAUTO BEZERRA
CE;2302800;CANINDE;20033;F07108;ENAMED - COLÉGIO ESTADUAL PAULO SARASATE
CE;2304400;FORTALEZA;20039;F08922;ENAMED - EEM GOV ADAUTO BEZERRA
CE;2304400;FORTALEZA;20040;F06617;ENAMED - EEEP JOAQUIM NOGUEIRA
CE;2304400;FORTALEZA;20041;F06636;ENAMED - EEEP LEONEL DE MOURA BRIZOLA
CE;2304400;FORTALEZA;20042;F09832;ENAMED - EEM DONA JULIA ALVES PESSOA
CE;2304400;FORTALEZA;20043;F06596;ENAMED - EEEP JAIME ALENCAR DE OLIVEIRA
CE;2304400;FORTALEZA;20044;F06604;ENAMED - EEM DEP PAULO BENEVIDES
CE;2304400;FORTALEZA;20045;F06593;ENAMED - EEFM DR CESAR CALS
CE;2307304;JUAZEIRO DO NORTE;20035;F07715;ENAMED - EEEP PROF.MOREIRA DE SOUSA
CE;2307304;JUAZEIRO DO NORTE;20036;F07726;ENAMED - EEM GOVERNADOR ADAUTO BEZERRA
CE;2312908;SOBRAL;20037;F07971;ENAMED - EEM PROFESSOR LUIS FELIPE
CE;2312908;SOBRAL;20038;F07972;ENAMED - EEEP PROFESSORA LYSIA PIMENTEL GOMES SAMPAIO SALES
DF;5300108;BRASILIA;20046;F05262;ENAMED - CENTRO DE ENSINO MÉDIO SETOR OESTE - BRASÍLIA
DF;5300108;BRASILIA;20047;F05264;ENAMED - CED GISNO
DF;5300108;BRASILIA;20048;F05263;ENAMED - CENTRO DE ENSINO  FUNDAMENTAL  GAN
DF;5300108;BRASILIA;20049;F02774;ENAMED - CENTRO DE ENSINO MÉDIO ASA NORTE -  CEAN
DF;5300108;BRASILIA;20050;F04396;ENAMED - CENTRO DE ENSINO MÉDIO PAULO FREIRE
DF;5300108;BRASILIA;20051;F12951;ENAMED - CENTRO DE ENSINO MÉDIO INTEGRADO  DE TAGUATINGA
DF;5300108;BRASILIA;20052;F01623;ENAMED - CEF 01 - CENTRINHO
ES;3201209;CACHOEIRO DE ITAPEMIRIM;20053;F05505;ENAMED - MULTIVIX
ES;3201506;COLATINA;20054;F15770;ENAMED - CENTRO UNIVERSITÁRIO DO ESPÍRITO SANTO - UNESC
ES;3205200;VILA VELHA;20055;F05517;ENAMED - FACULDADE MULTIVIX VILA VELHA
ES;3205309;VITORIA;20056;F00658;ENAMED - FACULDADE MULTIVIX VITÓRIA
ES;3205309;VITORIA;20057;F00658;ENAMED - FACULDADE MULTIVIX VITÓRIA
ES;3205309;VITORIA;20058;F00658;ENAMED - FACULDADE MULTIVIX VITÓRIA
GO;5201108;ANAPOLIS;20060;F13138;ENAMED - COLÉGIO DELTA
GO;5201405;APARECIDA DE GOIANIA;20061;F08206;ENAMED - COLÉGIO ESTADUAL SANTA FÉ
GO;5205109;CATALAO;20063;F03203;ENAMED - COLÉGIO ESTADUAL DONA IAYÁ
GO;5208004;FORMOSA;20059;F08991;ENAMED - COLÉGIO ESTADUAL DOUTOR JOSÉ BALDUINO DE SOUZA DECIO
GO;5208608;GOIANESIA;20062;F00452;ENAMED - COLÉGIO ESTADUAL JALLES MACHADO
GO;5208707;GOIANIA;20064;F00585;ENAMED - COLÉGIO ESTADUAL JARDIM AMÉRICA
GO;5208707;GOIANIA;20065;F00309;ENAMED - COLÉGIO ESTADUAL POLIVALENTE PROFESSOR GOIANY PRATES
GO;5208707;GOIANIA;20066;F12915;ENAMED - COLÉGIO ESTADUAL OLAVO BILAC
GO;5208707;GOIANIA;20067;F05891;ENAMED - CEPI PROFESSOR PEDRO GOMES
GO;5208707;GOIANIA;20068;F15371;ENAMED - CEPI PROFESSORA LOUSINHA DE CARVALHO
GO;5208707;GOIANIA;20069;F15058;ENAMED - ESCOLA ESTADUAL JARDIM NOVO MUNDO
GO;5209101;GOIATUBA;20070;F02694;ENAMED - COLÉGIO ESTADUAL MARIA DE LOURDES ESTIVALLET TEIXEIRA
GO;5211503;ITUMBIARA;20071;F08093;ENAMED - CENTRO DE ENSINO EM PERÍODO INTEGRAL DOM VELOSO
GO;5211909;JATAI;20072;F04575;ENAMED - ESCOLA ESTADUAL WASHINGTON BARROS FRANÇA
GO;5213103;MINEIROS;20073;F00228;ENAMED - CEPMG PROFESSORA ALICE PEREIRA ALVES
GO;5218805;RIO VERDE;20074;F13170;ENAMED - COLÉGIO ESTADUAL EURICO VELOSO DO CARMO
GO;5221403;TRINDADE;20075;F00793;ENAMED - CENTRO UNIVERSITÁRIO GOYAZES - UNIGOYAZES
MA;2103000;CAXIAS;20078;F05914;ENAMED - COLÉGIO MUNICIPAL ANTONIO RODRIGUES BAYMA
MA;2105302;IMPERATRIZ;20076;F00492;ENAMED - CENTRO DE ENSINO GRAÇA ARANHA
MA;2105302;IMPERATRIZ;20077;F00575;ENAMED - ESCOLA MUNICIPAL TOCANTINS
MA;2108603;PINHEIRO;20079;F15763;ENAMED - IEMA PLENO PINHEIRO
MA;2109908;SANTA INES;20080;F15113;ENAMED - ESCOLA MUNICIPAL VITORINO FREIRE
MA;2111300;SAO LUIS;20081;F00456;ENAMED - CENTRO EDUCA MAIS BENEDITO LEITE
MA;2111300;SAO LUIS;20082;F00649;ENAMED - C. E. GENERAL ARTUR CARVALHO
MA;2111300;SAO LUIS;20083;F03646;ENAMED - UEB JORNALISTA NEIVA MOREIRA
MA;2111300;SAO LUIS;20084;F02742;ENAMED - IEMA PLENO SÃO LUIS MARIA MÔNICA VALE
MG;3101607;ALFENAS;20126;F10366;ENAMED - ESCOLA MUNICIPAL ANTÔNIO JOAQUIM VIEIRA POLIVALENTE
MG;3103504;ARAGUARI;20122;F15769;ENAMED - ESCOLA ESTADUAL RAUL SOARES
MG;3105608;BARBACENA;20105;F15286;ENAMED - CENTRO UNIVERSITÁRIO PRESIDENTE ANTÔNIO CARLOS
MG;3106200;BELO HORIZONTE;20093;F04206;ENAMED - ESCOLA ESTADUAL GOVERNADOR MILTON CAMPOS
MG;3106200;BELO HORIZONTE;20094;F15408;ENAMED - ESCOLA ESTADUAL BUENO BRANDÃO
MG;3106200;BELO HORIZONTE;20095;F14556;ENAMED - ESCOLA ESTADUAL BARÃO DE MACAÚBAS
MG;3106200;BELO HORIZONTE;20096;F02897;ENAMED - ESCOLA ESTADUAL SANDOVAL DE AZEVEDO
MG;3106200;BELO HORIZONTE;20097;F03656;ENAMED - ESCOLA ESTADUAL PRESIDENTE DUTRA
MG;3106200;BELO HORIZONTE;20098;F03424;ENAMED - ESCOLA ESTADUAL FLÁVIO DOS SANTOS
MG;3106200;BELO HORIZONTE;20099;F03399;ENAMED - ESCOLA ESTADUAL SANTO AFONSO
MG;3106200;BELO HORIZONTE;20100;F04077;ENAMED - ESCOLA ESTADUAL SARAH KUBITSCHEK - IPIRANGA
MG;3106200;BELO HORIZONTE;20101;F07330;ENAMED - ESCOLA ESTADUAL PROFESSOR RICARDO DE SOUZA CRUZ
MG;3106200;BELO HORIZONTE;20102;F02917;ENAMED - ESCOLA ESTADUAL BOLIVAR TINOCO MINEIRO
MG;3106705;BETIM;20092;F04244;ENAMED - ESCOLA MUNICIPAL JOSEFINA MACEDO GONTIJO
MG;3118601;CONTAGEM;20103;F02127;ENAMED - ESCOLA ESTADUAL HELENA GUERRA
MG;3121605;DIAMANTINA;20106;F03826;ENAMED - ESCOLA ESTADUAL PROFESSOR LEOPOLDO MIRANDA
MG;3122306;DIVINOPOLIS;20085;F03651;ENAMED - ESCOLA ESTADUAL DONA ANTÔNIA VALADARES
MG;3127701;GOVERNADOR VALADARES;20090;F01194;ENAMED - EE QUINTINO BOCAIÚVA
MG;3131307;IPATINGA;20091;F03067;ENAMED - ESCOLA ESTADUAL DONA CANUTA ROSA DE OLIVEIRA BARBOSA
MG;3132404;ITAJUBA;20127;F00958;ENAMED - ESCOLA ESTADUAL PROFESSOR ANTÔNIO RODRIGUES D´OLIVEIRA
MG;3133808;ITAUNA;20086;F13820;ENAMED - ESCOLA MUNICIPAL CELUTA DAS NEVES
MG;3136702;JUIZ DE FORA;20119;F04783;ENAMED - FACULDADE DE CIÊNCIAS MÉDICAS E DA SAÚDE DE JUIZ DE FORA - SUPREMA
MG;3136702;JUIZ DE FORA;20120;F04783;ENAMED - FACULDADE DE CIÊNCIAS MÉDICAS E DA SAÚDE DE JUIZ DE FORA - SUPREMA
MG;3138203;LAVRAS;20107;F00416;ENAMED - ESCOLA ESTADUAL TIRADENTES
MG;3139409;MANHUACU;20108;F10600;ENAMED - ESCOLA ESTADUAL RENATO GUSMAN
MG;3140902;MATIPO;20109;F15785;ENAMED - ESCOLA ESTADUAL WALDOMIRO MENDES DE ALMEIDA
MG;3143302;MONTES CLAROS;20124;F05042;ENAMED - UNIMONTES - UNIVERSIDADE ESTADUAL DE MONTES CLAROS
MG;3143302;MONTES CLAROS;20125;F05042;ENAMED - UNIMONTES - UNIVERSIDADE ESTADUAL DE MONTES CLAROS
MG;3143906;MURIAE;20110;F03122;ENAMED - ESCOLA ESTADUAL PADRE MAXIMINO BENASSATI
MG;3146107;OURO PRETO;20087;F05067;ENAMED - UFOP - BLOCO DE SALAS DE AULAS
MG;3147006;PARACATU;20111;F04668;ENAMED - ESCOLA ESTADUAL ALTINA DE PAULA GUIMARÃES
MG;3147907;PASSOS;20112;F00415;ENAMED - ESCOLA ESTADUAL NAZLE JABUR
MG;3148004;PATOS DE MINAS;20113;F15755;ENAMED - CENTRO UNIVERSITÁRIO DE PATOS DE MINAS - UNIPAM
MG;3151800;POCOS DE CALDAS;20128;F02182;ENAMED - E. M. PROFª. EDIR FRAYA
MG;3152105;PONTE NOVA;20088;F02734;ENAMED - ESCOLA ESTADUAL CARLOS TRIVELLATO
MG;3152501;POUSO ALEGRE;20114;F01330;ENAMED - ESCOLA ESTADUAL DR JOSE MARQUES DE OLIVEIRA - ESTADUAL
MG;3162500;SAO JOAO DEL REI;20115;F03785;ENAMED - UFSJ  - CAMPUS SANTO ANTÔNIO
MG;3167202;SETE LAGOAS;20089;F05908;ENAMED - ESCOLA ESTADUAL PROFESSOR ROUSSET
MG;3168606;TEOFILO OTONI;20116;F12990;ENAMED - ESCOLA ESTADUAL CLOTILDE ONOFRI DE CAMPOS
MG;3169901;UBA;20117;F01130;ENAMED - FAGOC - FACULDADE GOVERNADOR OZANAM COELHO
MG;3170107;UBERABA;20121;F01786;ENAMED - UNIVERSIDADE DE UBERABA - UNIUBE
MG;3170206;UBERLANDIA;20123;F00642;ENAMED - ESCOLA ESTADUAL PROFESSORA JUVENÍLIA FERREIRA DOS SANTOS
MG;3171204;VESPASIANO;20104;F02503;ENAMED - ESCOLA ESTADUAL MACHADO DE ASSIS
MG;3171303;VICOSA;20118;F01781;ENAMED - UNIVERSIDADE FEDERAL DE VIÇOSA - PVA -  PAVILHÃO DE AULAS I
MS;5002704;CAMPO GRANDE;20130;F09584;ENAMED - C.E.E.P HERCULES MAYMONE
MS;5002704;CAMPO GRANDE;20131;F09184;ENAMED - ESCOLA ESTADUAL PROF SEVERINO DE QUEIROZ
MS;5002704;CAMPO GRANDE;20132;F09726;ENAMED - E.E. PROF. EMYGDIO C. WIDAL
MS;5003207;CORUMBA;20129;F08962;ENAMED - ESCOLA ESTADUAL NATHERCIA POMPEO DOS SANTOS
MS;5003702;DOURADOS;20133;F08971;ENAMED - ESCOLA ESTADUAL ANTÔNIA DA SILVEIRA CAPILÉ
MS;5003702;DOURADOS;20134;F09426;ENAMED - E. E. VILMAR VIEIRA MATOS
MS;5008305;TRES LAGOAS;20135;F08692;ENAMED - E. E. PROFº JOÃO MAGIANO PINTO
MT;5102504;CACERES;20136;F15294;ENAMED - ESCOLA ESTADUAL MILITAR TIRADENTES PROF(O). NATALINO FERREIRA MENDES
MT;5103403;CUIABA;20137;F13580;ENAMED - EE JOÃO BRIENNE DE CAMARGO
MT;5103403;CUIABA;20138;F11738;ENAMED - ESCOLA ESTADUAL LICEU CUIABANO MARIA DE ARRUDA MULLER
MT;5103403;CUIABA;20139;F15291;ENAMED - ESCOLA ESTADUAL PROFESSOR WELSON MESQUITA DE OLIVEIRA
MT;5107602;RONDONOPOLIS;20141;F11088;ENAMED - ESCOLA ESTADUAL LA SALLE
MT;5107909;SINOP;20142;F10791;ENAMED - E.E NILZA DE OLIVEIRA PIPINO
MT;5108402;VARZEA GRANDE;20140;F11403;ENAMED - ESCOLA ESTADUAL IRENE GOMES DE CAMPOS
PA;1500602;ALTAMIRA;20143;F00660;ENAMED - EEEM POLIVALENTE DE ALTAMIRA
PA;1501402;BELEM;20144;F06464;ENAMED - COLÉGIO ESTADUAL PAES DE CARVALHO
PA;1501402;BELEM;20145;F06200;ENAMED - EETEPA PROF. ANÍSIO TEIXEIRA
PA;1501402;BELEM;20146;F09084;ENAMED - UNIVERSIDADE DO ESTADO DO PARÁ- UEPA (CAMPUS II CCBS )
PA;1504208;MARABA;20147;F04321;ENAMED - EMEF JOSE MENDONCA VERGOLINO
PA;1504208;MARABA;20148;F05225;ENAMED - EEEM PLINIO PINHEIRO
PA;1506138;REDENCAO;20149;F03955;ENAMED - EEEM PROFESSORA DEUZUITA PEREIRA DE QUEIROZ
PA;1506807;SANTAREM;20150;F04834;ENAMED - EMEF DEPUTADO UBALDO CORREA
PB;2503704;CAJAZEIRAS;20157;F13294;ENAMED - ECIT CRISTIANO CARTAXO
PB;2504009;CAMPINA GRANDE;20159;F07737;ENAMED - ECI ASSIS CHATEAUBRIAND
PB;2504009;CAMPINA GRANDE;20160;F07953;ENAMED - ESCOLA NORMAL ESTADUAL PADRE EMÍDIO VIANA CORREIA
PB;2507507;JOAO PESSOA;20151;F07649;ENAMED - EEEF PROFESSORA ARGENTINA PEREIRA GOMES
PB;2507507;JOAO PESSOA;20152;F07939;ENAMED - EEEFM PROFª. ANTONIA RANGEL DE FARIAS
PB;2507507;JOAO PESSOA;20153;F14039;ENAMED - ECIT PROFESSOR RAUL CÓRDULA
PB;2507507;JOAO PESSOA;20154;F07943;ENAMED - ECIT PADRE HILDON BANDEIRA
PB;2507507;JOAO PESSOA;20155;F15138;ENAMED - ECI PROFESSOR CELESTIN MALZAC
PB;2507507;JOAO PESSOA;20156;F06876;ENAMED - ECIT  PAPA PAULO VI
PB;2510808;PATOS;20158;F15778;ENAMED - ECI MONSENHOR MANOEL VIEIRA
PE;2601201;ARCOVERDE;20161;F15775;ENAMED - CEJA CICERO FRANKLIN CORDEIRO
PE;2604106;CARUARU;20162;F14608;ENAMED - ESCOLA MUNICIPAL NOSSA SENHORA DE FATIMA
PE;2606002;GARANHUNS;20163;F08141;ENAMED - ESCOLA DE REFERÊNCIA EM ENSINO MÉDIO HENRIQUE DIAS
PE;2607901;JABOATAO DOS GUARARAPES;20175;F13808;ENAMED - ESCOLA DE REFERÊNCIA EM ENSINO MÉDIO SATURNINO DE BRITO
PE;2609600;OLINDA;20176;F06702;ENAMED - ESCOLA DE REFERENCIA EM ENSINO MEDIO GUEDES ALCOFORADO
PE;2611101;PETROLINA;20164;F06582;ENAMED - ESCOLA ESTADUAL PROF. ADELINA ALMEIDA
PE;2611101;PETROLINA;20165;F06584;ENAMED - EREM OTACILIO NUNES DE SOUZA
PE;2611606;RECIFE;20166;F07099;ENAMED - ETE ESCOLA TÉCNICA ESTADUAL GINÁSIO PERNAMBUCANO
PE;2611606;RECIFE;20167;F07033;ENAMED - ESCOLA DE REFERENCIA EM ENSINO MEDIO  SYLVIO RABELLO
PE;2611606;RECIFE;20168;F07304;ENAMED - ESCOLA DE REFERENCIA EM ENSINO MEDIO SIZENANDO SILVEIRA
PE;2611606;RECIFE;20169;F08029;ENAMED - ESCOLA DE REFERÊNCIA EM ENSINO MÉDIO JOAQUIM TÁVORA
PE;2611606;RECIFE;20170;F15765;ENAMED - ESCOLA DE REFERENCIA EM ENSINO MEDIO CLÓVIS BEVILÁQUA
PE;2611606;RECIFE;20171;F07282;ENAMED - ETE ESCOLA TÉCNICA ESTADUAL DOM BOSCO
PE;2611606;RECIFE;20172;F13976;ENAMED - ESCOLA DE REFERÊNCIA EM ENSINO MÉDIO AGEU MAGALHÃES
PE;2611606;RECIFE;20173;F15756;ENAMED - ESCOLA DE REFERÊNCIA EM ENSINO MÉDIO PADRE MACHADO
PE;2611606;RECIFE;20174;F13974;ENAMED - ESCOLA DE REFERÊNCIA EM ENSINO MÉDIO POMPEIA CAMPOS
PE;2613909;SERRA TALHADA;20177;F15781;ENAMED - ESCOLA DE REFERÊNCIA EM ENSINO MÉDIO SOLIDÔNIO LEITE
PI;2207702;PARNAIBA;20184;F04133;ENAMED - CETI LICEU PARNAIBANO
PI;2207702;PARNAIBA;20185;F04118;ENAMED - CETI MINISTRO PETRONIO PORTELLA
PI;2208007;PICOS;20178;F02905;ENAMED - CETI _ MARCOS PARENTE
PI;2211001;TERESINA;20179;F00979;ENAMED - CETI ZACARIAS DE GOIS - LICEU PIAUIENSE
PI;2211001;TERESINA;20180;F01423;ENAMED - CETI BENJAMIN BAPTISTA
PI;2211001;TERESINA;20181;F01542;ENAMED - CETI  PREF JOÃO MENDES OLIMPIO DE MELO - PREMEN NORTE
PI;2211001;TERESINA;20182;F01538;ENAMED - CETI HELVIDIO NUNES
PI;2211001;TERESINA;20183;F01745;ENAMED - CETI PROFESSORA MARIA DE LOURDES REBELO
PR;4104303;CAMPO MOURAO;20198;F11275;ENAMED - COLÉGIO ESTADUAL DE CAMPO MOURÃO
PR;4104808;CASCAVEL;20186;F09798;ENAMED - COLEGIO ESTADUAL PADRE CARMELO PERRONE
PR;4104808;CASCAVEL;20187;F09772;ENAMED - COLEGIO ESTADUAL PRESIDENTE COSTA E SILVA
PR;4106902;CURITIBA;20192;F15797;ENAMED - UFPR - SETOR DE EDUCAÇÃO PROFISSIONAL E TECNOLOGICA - SEPT
PR;4106902;CURITIBA;20193;F15794;ENAMED - UFPR SETOR DE CIENCIAS EXATAS I
PR;4106902;CURITIBA;20194;F15796;ENAMED - UFPR SETOR DE CIENCIAS EXATAS II
PR;4106902;CURITIBA;20195;F15799;ENAMED - (UFPR) - SETOR DE CIÊNCIAS DA TERRA - CENTRO POLITÉCNICO
PR;4106902;CURITIBA;20196;F15800;ENAMED - (UFPR) - SETOR DE ENGENHARIA QUÍMICA - CENTRO POLITÉCNICO
PR;4106902;CURITIBA;20197;F15801;ENAMED - (UFPR) - SETOR DE ENGENHARIA ELÉTRICA - CENTRO POLITÉCNICO
PR;4108304;FOZ DO IGUACU;20189;F08434;ENAMED - COLÉGIO ESTADUAL BARÃO DO RIO BRANCO
PR;4108403;FRANCISCO BELTRAO;20188;F15276;ENAMED - UNIPAR
PR;4109401;GUARAPUAVA;20202;F09968;ENAMED - COLÉGIO ESTADUAL ANA VANDA BASSARA
PR;4113700;LONDRINA;20199;F08548;ENAMED - CE MARCELINO CHAMPAGNAT
PR;4115200;MARINGA;20200;F12761;ENAMED - UNICESUMAR
PR;4118501;PATO BRANCO;20190;F12332;ENAMED - UTFPR - CAMPUS PATO BRANCO
PR;4119905;PONTA GROSSA;20203;F12129;ENAMED - UNICESUMAR - CAMPUS PONTA GROSSA
PR;4127700;TOLEDO;20191;F10337;ENAMED - COLEGIO ESTADUAL CIVICO-MILITAR LUIZ AUGUSTO MORAIS REGO
PR;4128104;UMUARAMA;20201;F11692;ENAMED - COLEGIO ESTADUAL PADRE  MANUEL DA NOBREGA
RJ;3300100;ANGRA DOS REIS;20204;F11698;ENAMED - ESCOLA MUNICIPAL JULIO CESAR DE ALMEIDA LARANJEIRA
RJ;3300605;BOM JESUS DO ITABAPOANA;20221;F15790;ENAMED - C. E. PADRE MELLO
RJ;3301009;CAMPOS DOS GOYTACAZES;20216;F10150;ENAMED - LICEU DE HUMANIDADES DE CAMPOS
RJ;3301702;DUQUE DE CAXIAS;20210;F12434;ENAMED - CIEP BRIZOLÃO 098 - PROFª HILDA DO CARMO SIQUEIRA
RJ;3302205;ITAPERUNA;20222;F15777;ENAMED - UNIG
RJ;3302403;MACAE;20223;F09667;ENAMED - CM PROFA MARIA ISABEL DAMASCENO SIMÃO
RJ;3303302;NITEROI;20219;F11259;ENAMED - INSTITUTO DE EDUCAÇÃO PROFESSOR ISMAEL COUTINHO
RJ;3303302;NITEROI;20220;F13309;ENAMED - COLÉGIO ESTADUAL AURELINO LEAL
RJ;3303500;NOVA IGUACU;20224;F12448;ENAMED - COLÉGIO ESTADUAL VICENTINA GOULART
RJ;3303906;PETROPOLIS;20225;F08544;ENAMED - COLEGIO ESTADUAL PRINCESA ISABEL
RJ;3304557;RIO DE JANEIRO;20205;F11283;ENAMED - CIEP ANITA MALFATTI
RJ;3304557;RIO DE JANEIRO;20206;F10613;ENAMED - COLÉGIO ESTADUAL DR. ALBERT SABIN
RJ;3304557;RIO DE JANEIRO;20207;F12607;ENAMED - ESCOLA MUNICIPAL MINISTRO ALCIDES CARNEIRO
RJ;3304557;RIO DE JANEIRO;20211;F10723;ENAMED - ESCOLA MUNICIPAL TIA CIATA
RJ;3304557;RIO DE JANEIRO;20212;F15802;ENAMED - GET- DARCY VARGAS
RJ;3304557;RIO DE JANEIRO;20213;F10635;ENAMED - GET MÁRIO CLÁUDIO
RJ;3304557;RIO DE JANEIRO;20214;F11249;ENAMED - ESCOLA MUNICIPAL JENNY GOMES
RJ;3304557;RIO DE JANEIRO;20215;F10655;ENAMED - ESCOLA MUNICIPAL ORSINA DA FONSECA
RJ;3304557;RIO DE JANEIRO;20217;F10913;ENAMED - COLÉGIO ESTADUAL ANDRÉ MAUROIS
RJ;3304557;RIO DE JANEIRO;20218;F10534;ENAMED - ESCOLA MUNICIPAL DESEMBARGADOR OSCAR TENÓRIO
RJ;3304557;RIO DE JANEIRO;20226;F10607;ENAMED - COLÉGIO ESTADUAL PROFESSORA MARIA DE LOURDES DE OLIVEIRA LAVÔR
RJ;3305802;TERESOPOLIS;20228;F09844;ENAMED - COLÉGIO ESTADUAL HIGINO DA SILVEIRA
RJ;3306008;TRES RIOS;20227;F10084;ENAMED - FACULDADE VERTIX
RJ;3306107;VALENCA;20208;F15789;ENAMED - UNIFAA - CENTRO UNIVERSITARIO DE VALENÇA
RJ;3306206;VASSOURAS;20209;F09583;ENAMED - CIEP BRIZOLAO 297 - PADRE SALESIO SCHIMID
RJ;3306305;VOLTA REDONDA;20229;F12516;ENAMED - COLÉGIO PROFESSORA DELCE HORTA DELGADO
RJ;3306305;VOLTA REDONDA;20230;F12519;ENAMED - COLEGIO ESTADUAL BRASÍLIA
RN;2402006;CAICO;20231;F15760;ENAMED - ESCOLA MULTICAMPI DE CIÊNCIAS MÉDICAS
RN;2408003;MOSSORO;20232;F13222;ENAMED - CENTRO ESTADUAL DE EDUCAÇÃO PROFISSIONAL FRANCISCO DE ASSIS PEDROSA
RN;2408102;NATAL;20233;F15768;ENAMED - UNIVERSIDADE FEDERAL DO RIO GRANDE DO NORTE
RN;2408102;NATAL;20234;F13095;ENAMED - E. E. BERILO WANDERLEY
RN;2408102;NATAL;20235;F13017;ENAMED - CENTRO ESTADUAL DE EDUCAÇÃO PROFISSIONAL PROFª DJANIRA BRASILINO DE SOUZA
RO;1100049;CACOAL;20236;F06708;ENAMED - EEEFM.CARLOS GOMES
RO;1100205;PORTO VELHO;20237;F07077;ENAMED - IEE CARMELA DUTRA
RO;1100205;PORTO VELHO;20238;F07216;ENAMED - EEEFM MURILO BRAGA
RO;1100304;VILHENA;20239;F07063;ENAMED - CENTRO ESTADUAL DE EDUCAÇÃO DE JOVENS E ADULTOS DE VILHENA
RR;1400100;BOA VISTA;20240;F06834;ENAMED - ESCOLA ESTADUAL FRANCISCA ELZIKA DE SOUZA COELHO
RR;1400100;BOA VISTA;20241;F15455;ENAMED - ESCOLA ESTADUAL VOLTAIRE PINTO RIBEIRO
RS;4304606;CANOAS;20244;F14768;ENAMED - COLÉGIO ESTADUAL MARECHAL RONDON
RS;4305108;CAXIAS DO SUL;20242;F06911;ENAMED - IEE CRISTOVAO DE MENDOZA
RS;4307005;ERECHIM;20249;F07558;ENAMED - COLÉGIO ESTADUAL PROFESSOR MANTOVANI
RS;4310207;IJUI;20243;F06727;ENAMED - ESCOLA TÉCNICA ESTADUAL 25 DE JULHO
RS;4311403;LAJEADO;20253;F07606;ENAMED - ESCOLA ESTADUAL DE EDUCAÇÃO BÁSICA ÉRICO VERÍSSIMO
RS;4313409;NOVO HAMBURGO;20245;F15767;ENAMED - UNIVERSIDADE FEEVALE
RS;4314100;PASSO FUNDO;20250;F15791;ENAMED - ATITUS EDUCAÇÃO
RS;4314407;PELOTAS;20251;F07396;ENAMED - INSTITUTO FEDERAL DE EDUCAÇÃO, CIÊNCIA E TECNOLOGIA SUL RIO-GRANDENSE
RS;4314902;PORTO ALEGRE;20247;F15786;ENAMED - UFRGS - INSTITUTO DE PSICOLOGIA
RS;4314902;PORTO ALEGRE;20248;F08315;ENAMED - CE FLORINDA TUBINO SAMPAIO
RS;4315602;RIO GRANDE;20252;F07942;ENAMED - INSTITUTO ESTADUAL DE EDUACAÇÃO JUVENAL MILLER
RS;4316808;SANTA CRUZ DO SUL;20254;F07541;ENAMED - ESCOLA ESTADUAL DE ENSINO MÉDIO NOSSA SENHORA DO ROSÁRIO
RS;4316907;SANTA MARIA;20255;F15779;ENAMED - UNIVERSIDADE FEDERAL DE SANTA MARIA -  UFSM
RS;4318705;SAO LEOPOLDO;20246;F08118;ENAMED - ESCOLA TÉCNICA ESTADUAL FREDERICO GUILHERME SCHMIDT
RS;4322400;URUGUAIANA;20256;F07289;ENAMED - ESCOLA ESTADUAL DE ENSINO MÉDIO DOM HERMETO
SC;4201406;ARARANGUA;20257;F07757;ENAMED - EEB PROF° DOLVINA LEITE DE MEDEIROS
SC;4202404;BLUMENAU;20258;F11624;ENAMED - EEB ADOLPHO KONDER
SC;4202909;BRUSQUE;20264;F14628;ENAMED - UNIFEBE - FUND. EDUC. DE BRUSQUE
SC;4203006;CACADOR;20273;F08058;ENAMED - EEB DOM ORLANDO DOTTI
SC;4204202;CHAPECO;20259;F07523;ENAMED - EEB BOM PASTOR
SC;4204608;CRICIUMA;20261;F15347;ENAMED - COLÉGIO LEME
SC;4205407;FLORIANOPOLIS;20262;F10492;ENAMED - EEB PADRE ANCHIETA
SC;4205407;FLORIANOPOLIS;20263;F09985;ENAMED - EEM VEREADOR OSCAR MANOEL DA CONCEIÇÃO
SC;4208203;ITAJAI;20265;F08199;ENAMED - EEB ELIZABETH KONDER REIS
SC;4208906;JARAGUA DO SUL;20267;F08082;ENAMED - E.E.B. HOLANDO MARCELLINO GONÇALVES
SC;4209003;JOACABA;20266;F15384;ENAMED - FUNDAÇÃO UNIVERSIDADE DO OESTE DE SANTA CATARINA - UNOESC
SC;4209102;JOINVILLE;20268;F08615;ENAMED - EEB PROFESSORA ANTONIA ALPAIDES CARDOSO DOS SANTOS
SC;4209300;LAGES;20269;F13254;ENAMED - EEB BELISARIO RAMOS
SC;4210100;MAFRA;20260;F07641;ENAMED - ESCOLA MUNICIPAL DE ENSINO BASICO PROFESSOR MARIO DE OLIVEIRA GOELDNER
SC;4211900;PALHOCA;20271;F08917;ENAMED - EEB PROFESSORA URSULINA DE SENNA CASTRO
SC;4214805;RIO DO SUL;20270;F09285;ENAMED - ESCOLA DE EDUCAÇÃO BÁSICA PAULO ZIMMERMANN
SC;4218707;TUBARAO;20272;F07907;ENAMED - CEDUP DIOMÍCIO FREITAS
SE;2800308;ARACAJU;20274;F15435;ENAMED - CENTRO DE EXCELENCIA NELSON MANDELA
SE;2800308;ARACAJU;20275;F13322;ENAMED - CENTRO DE EXCELENCIA PROFESSOR JOAO COSTA
SE;2802106;ESTANCIA;20276;F07286;ENAMED - CENTRO DE EXCELENCIA SENADOR WALTER FRANCO
SE;2803500;LAGARTO;20277;F07929;ENAMED - CENTRO DE EXCELÊNCIA PROFESSOR ABELARDO ROMERO DANTAS
SP;3500105;ADAMANTINA;20287;F08531;ENAMED - EE HELEN KELLER
SP;3502804;ARACATUBA;20278;F09020;ENAMED - EE JOSÉ CÂNDIDO
SP;3503208;ARARAQUARA;20304;F13673;ENAMED - EE DORIVAL ALVES
SP;3503307;ARARAS;20296;F12948;ENAMED - EE PROFESSORA MARIA ROSA NUCCI PACÍFICO HOMEM
SP;3505500;BARRETOS;20305;F15798;ENAMED - FACULDADE DE CIÊNCIAS DA SAÚDE DE BARRETOS DR. PAULO PRATA
SP;3506003;BAURU;20280;F10211;ENAMED - EE JOÃO MARINGONI
SP;3506003;BAURU;20281;F10205;ENAMED - EE STELA MACHADO
SP;3507506;BOTUCATU;20283;F15401;ENAMED - EE DOM LUCIO ANTUNES DE SOUZA
SP;3507605;BRAGANCA PAULISTA;20289;F08618;ENAMED - UNIVERSIDADE  SÃO FRANCISCO - USF
SP;3509502;CAMPINAS;20290;F15472;ENAMED - EE MARIA DE LOURDES CAMPOS FREIRE MARQUES
SP;3509502;CAMPINAS;20291;F14334;ENAMED - EE PROFESSOR NEWTON PIMENTA NEVES
SP;3509502;CAMPINAS;20292;F15224;ENAMED - EE ELVIRA DE PARDO MEO MURARO
SP;3511102;CATANDUVA;20313;F15757;ENAMED - UNIFIPA CENTRO UNIVERSITÁRIO PADRE ALBINO
SP;3513504;CUBATAO;20333;F09661;ENAMED - EE MARECHAL HUMBERTO DE ALENCAR CASTELLO BRANCO
SP;3514403;DRACENA;20288;F15638;ENAMED - EE ALFREDO MACHADO
SP;3515509;FERNANDOPOLIS;20316;F15544;ENAMED - ETEC PROFESSOR ARMANDO JOSÉ FARINAZZO
SP;3516200;FRANCA;20306;F12910;ENAMED - FACULDADE DE DIREITO DE FRANCA - UNIDADE 1
SP;3518701;GUARUJA;20334;F10152;ENAMED - UNIVERSIDADE DE RIBEIRÃO PRETO CAMPUS GUARUJÁ
SP;3518800;GUARULHOS;20339;F08726;ENAMED - EE HOMERO RUBENS DE SÁ
SP;3520509;INDAIATUBA;20293;F11413;ENAMED - UNIMAX
SP;3524709;JAGUARIUNA;20294;F15795;ENAMED - ESCOLA ESTADUAL PROFESSOR CELSO HENRIQUE TOZZI
SP;3525300;JAU;20282;F13551;ENAMED - EE DR. DOMINGOS DE MAGALHÃES
SP;3525904;JUNDIAI;20295;F13037;ENAMED - EE DIOGENES DUARTE PAES
SP;3529005;MARILIA;20284;F08644;ENAMED - EE PROF BALTAZAR DE GODOY MOREIRA
SP;3529401;MAUA;20329;F09532;ENAMED - EE PADRE AFONSO PASCHOTTE
SP;3530607;MOGI DAS CRUZES;20337;F10418;ENAMED - EE APRÍGIO DE OLIVEIRA
SP;3530607;MOGI DAS CRUZES;20338;F12158;ENAMED - EE PROFª MARIA ISABEL DOS SANTOS MELLO
SP;3530706;MOGI GUACU;20298;F12904;ENAMED - EE LUIZ MARTINI
SP;3534401;OSASCO;20322;F11780;ENAMED - E. E. MAJOR TELMO COELHO FILHO
SP;3537305;PENAPOLIS;20279;F15751;ENAMED - EE. DR CARLOS SAMPAIO FILHO
SP;3538709;PIRACICABA;20297;F08629;ENAMED - EE PROF EDUIR BENEDICTO SCARPARI
SP;3541406;PRESIDENTE PRUDENTE;20285;F13432;ENAMED - EE PROFESSOR HUGO MIELE
SP;3541406;PRESIDENTE PRUDENTE;20286;F13670;ENAMED - EE COMENDADOR TANNEL ABBUD
SP;3543402;RIBEIRAO PRETO;20307;F15013;ENAMED - EE FABIO BARRETO
SP;3543402;RIBEIRAO PRETO;20308;F15187;ENAMED - FACULDADE DE TECNOLOGIA DE RIBEIRÃO PRETO - FATEC
SP;3543402;RIBEIRAO PRETO;20309;F12233;ENAMED - EE ALBERTO SANTOS DUMONT
SP;3543907;RIO CLARO;20299;F15771;ENAMED - AÇÃO EDUCACIONAL CLARETIANA
SP;3546603;SANTA FE DO SUL;20314;F15783;ENAMED - CENTRO UNIVERSITÁRIO DE SANTA FÉ DO SUL - UNIFUNEC
SP;3547809;SANTO ANDRE;20330;F15047;ENAMED - E.E DR. AMÉRICO BRASILIENSE
SP;3548500;SANTOS;20335;F15019;ENAMED - ETEC DONA ESCOLÁSTICA ROSA
SP;3548500;SANTOS;20336;F08617;ENAMED - EE PROFESSOR PRIMO FERREIRA
SP;3548708;SAO BERNARDO DO CAMPO;20331;F13753;ENAMED - EE AMADEU OLIVÉRIO PROF
SP;3548807;SAO CAETANO DO SUL;20332;F15793;ENAMED - EE PROFESSOR ALFREDO BURKART
SP;3548906;SAO CARLOS;20300;F09095;ENAMED - EE CONDE DO PINHAL
SP;3549102;SAO JOAO DA BOA VISTA;20301;F08879;ENAMED - EE CORONEL CRISTIANO OSORIO DE OLIVEIRA
SP;3549805;SAO JOSE DO RIO PRETO;20315;F13353;ENAMED - CENTRO UNIVERSITARIO DE RIO PRETO - UNIRP- UNIDADEIII
SP;3549904;SAO JOSE DOS CAMPOS;20310;F13713;ENAMED - EE EUCLIDES BUENO MIRAGAIA
SP;3549904;SAO JOSE DOS CAMPOS;20311;F10214;ENAMED - EE DEPUTADO  BENEDITO MATARAZZO
SP;3550308;SAO PAULO;20318;F14562;ENAMED - ETEC CARLOS DE CAMPOS
SP;3550308;SAO PAULO;20319;F15361;ENAMED - EE ORESTES GUIMARÃES
SP;3550308;SAO PAULO;20320;F14915;ENAMED - EE PROFESSOR WOLNY CARVALHO RAMOS
SP;3550308;SAO PAULO;20321;F13181;ENAMED - EE PROFESSOR JOSE MARQUES DA CRUZ
SP;3550308;SAO PAULO;20323;F10073;ENAMED - EE VISCONDE DE ITAUNA
SP;3550308;SAO PAULO;20324;F10752;ENAMED - EE CEL DOMINGOS QUIRINO FERREIRA
SP;3550308;SAO PAULO;20325;F15402;ENAMED - EE JOÃO AMOS COMENIUS
SP;3550308;SAO PAULO;20326;F14111;ENAMED - EE EUGENIO MARIZ DE OLIVEIRA NETTO
SP;3550308;SAO PAULO;20327;F09919;ENAMED - EE PROFESSOR HERCULANO DE FREITAS
SP;3550308;SAO PAULO;20328;F10267;ENAMED - EE RONALDO GARIBALDI PERETTI
SP;3550308;SAO PAULO;20340;F15776;ENAMED - EMEFM PROF DERVILLE ALLEGRETTI
SP;3550308;SAO PAULO;20341;F14561;ENAMED - EE PADRE NILDO DO AMARAL JUNIOR
SP;3552205;SOROCABA;20302;F09700;ENAMED - EE PROF  JOAQUIM IZIDORO MARINS
SP;3552205;SOROCABA;20303;F09665;ENAMED - EE JULIO BIERREMBACH LIMA
SP;3554102;TAUBATE;20312;F08579;ENAMED - EE MONTEIRO LOBATO
SP;3557105;VOTUPORANGA;20317;F15784;ENAMED - C E M PROFESSOR FAUSTINO PEDROSO
TO;1702109;ARAGUAINA;20342;F15134;ENAMED - ESCOLA ESTADUAL DE TEMPO INTEGRAL DOMINGOS DA CRUZ MACHADO
TO;1709500;GURUPI;20345;F06900;ENAMED - CENTRO DE ENSINO MÉDIO DE GURUPI
TO;1718204;PORTO NACIONAL;20344;F11831;ENAMED - COLÉGIO ESTADUAL MAL. ARTUR DA COSTA E SILVA
TO;1721000;PALMAS;20343;F15792;ENAMED - FACULDADE ANHANGUERA UNOPAR
AC;1200401;RIO BRANCO;1;F00011;REVALIDA - UNIVERSIDADE FEDERAL DO ACRE
AC;1200401;RIO BRANCO;2;F00011;REVALIDA - UNIVERSIDADE FEDERAL DO ACRE
AC;1200401;RIO BRANCO;3;F00011;REVALIDA - UNIVERSIDADE FEDERAL DO ACRE
AC;1200401;RIO BRANCO;4;F00011;REVALIDA - UNIVERSIDADE FEDERAL DO ACRE
AC;1200401;RIO BRANCO;5;F00011;REVALIDA - UNIVERSIDADE FEDERAL DO ACRE
AL;2704302;MACEIO;6;F00016;REVALIDA - EM JAIME DE ALTAVILLA
AM;1302603;MANAUS;7;F00002;REVALIDA - ESCOLA SUPERIOR DE CIÊNCIAS DA SAÚDE - ESA - UEA
AP;1600303;MACAPA;8;F00009;REVALIDA - ESCOLA ESTADUAL PROFº. GABRIEL ALMEIDA CAFÉ
BA;2927408;SALVADOR;9;F00006;REVALIDA - UFBA UNIVERSIDADE FEDERAL DA BAHIA-PAVILHÃO DE AULAS GLAUBER ROCHA(PAF III)
BA;2927408;SALVADOR;10;F00006;REVALIDA - UFBA UNIVERSIDADE FEDERAL DA BAHIA-PAVILHÃO DE AULAS GLAUBER ROCHA(PAF III)
CE;2304400;FORTALEZA;11;F00012;REVALIDA - FACULDADE DE ECONOMIA, ADMINISTRAÇÃO, ATUÁRIA E CONTABILIDADE - UFC - FEAAC II
DF;5300108;BRASILIA;12;F00005;REVALIDA - UNB UNIVERSIDADE DE BRASÍLIA
ES;3205309;VITORIA;13;F00026;REVALIDA - EMEF ALVIMAR SILVA
GO;5208707;GOIANIA;14;F00015;REVALIDA - CEPMG HUGO DE CARVALHO RAMOS
MA;2111300;SAO LUIS;15;F00017;REVALIDA - CENTRO EDUCA MAIS ALMIRANTE TAMANDARÉ
MG;3106200;BELO HORIZONTE;16;F00040;REVALIDA - FACULDADE ANHANGUERA UNIDADE ANTÔNIO CARLOS
MG;3106200;BELO HORIZONTE;17;F00040;REVALIDA - FACULDADE ANHANGUERA UNIDADE ANTÔNIO CARLOS
MS;5002704;CAMPO GRANDE;18;F00041;REVALIDA - ANHANGUERA
MS;5002704;CAMPO GRANDE;19;F00041;REVALIDA - ANHANGUERA
MS;5002704;CAMPO GRANDE;20;F00041;REVALIDA - ANHANGUERA
MS;5002704;CAMPO GRANDE;21;F00038;REVALIDA - UNIVERSIDADE FEDERAL DE MATO GROSSO DO SUL
MS;5002704;CAMPO GRANDE;22;F00038;REVALIDA - UNIVERSIDADE FEDERAL DE MATO GROSSO DO SUL
MT;5103403;CUIABA;23;F00042;REVALIDA - UNIFACC-CUIABÁ
PA;1501402;BELEM;24;F00003;REVALIDA - UNIVERSIDADE DO ESTADO DO PARÁ - UEPA CAMPUS I CCSE
PB;2507507;JOAO PESSOA;25;F00035;REVALIDA - UNIVERSIDADE FEDERAL DA PARAÍBA CAMPUS I
PE;2611606;RECIFE;26;F00033;REVALIDA - ESCOLA TÉCNICA ESTADUAL ALMIRANTE SOARES DUTRA
PI;2211001;TERESINA;27;F00008;REVALIDA - CETI GOVERNADOR  JOAO CLIMACO D ALMEIDA
PR;4106902;CURITIBA;28;F00043;REVALIDA - UFPR - SETOR DE CIÊNCIAS AGRÁRIAS
PR;4106902;CURITIBA;29;F00028;REVALIDA - UFPR SETOR DE CIÊNCIAS SOCIAIS APLICADAS - TÉRREO
PR;4106902;CURITIBA;30;F00029;REVALIDA - UFPR SETOR DE CIÊNCIAS APLICADAS - 1° E 2° ANDAR
PR;4106902;CURITIBA;31;F00030;REVALIDA - UFPR SETOR DE CIÊNCIAS DA SAUDE - BLOCO DIDÁTICO II
PR;4106902;CURITIBA;32;F00031;REVALIDA - UFPR SETOR DE CIÊNCIAS DA SAUDE - PRÉDIO SAUDE BOTÂNICO
PR;4106902;CURITIBA;33;F00044;REVALIDA - UFPR- REBOUÇAS
RJ;3304557;RIO DE JANEIRO;34;F00027;REVALIDA - FACULDADE DE LETRAS - UFRJ
RJ;3304557;RIO DE JANEIRO;35;F00027;REVALIDA - FACULDADE DE LETRAS - UFRJ
RJ;3304557;RIO DE JANEIRO;36;F00027;REVALIDA - FACULDADE DE LETRAS - UFRJ
RN;2408102;NATAL;37;F00013;REVALIDA - ESCOLA ESTADUAL DESEMBARGADOR RÉGULO TINOCO
RO;1100205;PORTO VELHO;38;F00020;REVALIDA - UNIVERSIDADE FEDERAL DE RONDÔNIA - UNIR CAMPUS - 1H E 1G
RO;1100205;PORTO VELHO;39;F00021;REVALIDA - UNIVERSIDADE FEDERAL DE RONDÔNIA - UNIR CAMPUS -1A 1B 1C
RO;1100205;PORTO VELHO;40;F00022;REVALIDA - UNIVERSIDADE FEDERAL DE RONDÔNIA - UNIR CAMPUS - 1T GEOGRAFIA
RO;1100205;PORTO VELHO;41;F00024;REVALIDA - UNIVERSIDADE FEDERAL DE RONDÔNIA - UNIR CAMPUS -  1D 1E
RR;1400100;BOA VISTA;42;F00004;REVALIDA - UNIVERSIDADE FEDERAL DE RORAIMA
RS;4314902;PORTO ALEGRE;43;F00036;REVALIDA - UFRGS - PRÉDIO BRANCO - SALAS DE AULA CAMPUS CENTRO
RS;4314902;PORTO ALEGRE;44;F00037;REVALIDA - UFRGS - FACULDADE DE EDUCAÇÃO
SC;4205407;FLORIANOPOLIS;45;F00034;REVALIDA - UNIVERSIDADE FEDERAL DE SANTA CATARINA - UFSC - BLOCO EFI
SE;2800308;ARACAJU;46;F00007;REVALIDA - CENTRO DE EXCELÊNCIA ATHENEU SERGIPENSE
SP;3550308;SAO PAULO;47;F00025;REVALIDA - UNICID - UNIVERSIDADE CIDADE DE SAO PAULO
SP;3550308;SAO PAULO;48;F00025;REVALIDA - UNICID - UNIVERSIDADE CIDADE DE SAO PAULO
TO;1721000;PALMAS;49;F00039;REVALIDA - CENTRO UNIVERSITÁRIO CATÓLICA DO TOCANTINS -UNICATÓLICA
